<?xml version="1.0" encoding="utf-8"?>
<install version="1.5" type="plugin" group="api" method="upgrade">
    <name>Api - Content</name>
    <version>1.0</version>
    <creationDate>November 2010</creationDate>
    <author>Brian Edgerton</author>
    <authorEmail>brian@edgewebworks.com</authorEmail>
    <authorUrl>http://www.edgewebworks.com</authorUrl>
    <copyright>2010 Edge Web Works, LLC</copyright>
    <license>GNU General Public License v2</license>
    <description>This plugin exposes com_content to the Joomla! API</description>
    
    <files>
        <filename plugin="content">content.php</filename> 
    </files>
    
    <languages folder="languages">
        <language tag="en-GB">en-GB.plg_api_content.ini</language>
    </languages>
	<params>
		<param name="autoregister" type="radio" default="1" label="Auto Create Users" description="PARAMAUTOCREATEUSERS">
			<option value="0">No</option>
			<option value="1">Yes</option>
		</param>
	</params>
</install>